Organization,Followed On
Kilo Health,Tue Dec 01 15:49:18 UTC 2020
Project R≈çnin,Thu Nov 19 23:16:24 UTC 2020
Michigan Medicine,Thu Nov 19 03:08:01 UTC 2020
Henry Ford Health System,Thu Nov 19 03:07:59 UTC 2020
Detroit Medical Center,Thu Nov 19 03:07:58 UTC 2020
National Basketball Association (NBA),Wed Nov 18 22:33:48 UTC 2020
Beaumont Health,Wed Nov 18 19:41:01 UTC 2020
General Motors,Wed Nov 18 19:40:56 UTC 2020
Reebok,Wed Nov 18 18:13:40 UTC 2020
Under Armour,Wed Nov 18 18:13:39 UTC 2020
American Hockey League,Wed Nov 18 18:11:32 UTC 2020
USA Hockey,Wed Nov 18 18:11:25 UTC 2020
Warrior Sports,Wed Nov 18 18:11:08 UTC 2020
CCM Hockey,Wed Nov 18 18:11:21 UTC 2020
Bauer Hockey,Wed Nov 18 18:11:19 UTC 2020
Jobs In Sports ,Wed Nov 18 18:10:13 UTC 2020
Pandora,Wed Nov 18 18:09:49 UTC 2020
Instagram,Wed Nov 18 18:09:16 UTC 2020
NVIDIA,Wed Nov 18 18:08:56 UTC 2020
VICE Media,Wed Nov 18 18:08:29 UTC 2020
HBO,Wed Nov 18 18:08:28 UTC 2020
Electronic Arts (EA),Wed Nov 18 18:08:27 UTC 2020
PlayStation,Wed Nov 18 18:08:15 UTC 2020
Activision Blizzard,Wed Nov 18 18:08:13 UTC 2020
Riot Games,Wed Nov 18 18:08:11 UTC 2020
Hulu,Wed Nov 18 18:08:07 UTC 2020
Discord,Wed Nov 18 18:07:58 UTC 2020
"Reddit, Inc.",Wed Nov 18 18:07:48 UTC 2020
Towards Data Science,Wed Nov 18 18:07:43 UTC 2020
Twitter,Wed Nov 18 18:07:36 UTC 2020
TIME,Wed Nov 18 18:07:31 UTC 2020
Slack,Wed Nov 18 18:07:19 UTC 2020
Apple,Wed Nov 18 18:07:05 UTC 2020
IBM,Wed Nov 18 16:38:29 UTC 2020
Robinhood,Wed Nov 18 16:37:26 UTC 2020
Kaggle,Wed Nov 18 16:37:11 UTC 2020
Visualitics,Wed Nov 18 16:36:55 UTC 2020
Stack Overflow,Wed Nov 18 16:36:27 UTC 2020
Dell,Wed Nov 18 16:36:21 UTC 2020
Data-Driven Science,Wed Nov 18 16:36:17 UTC 2020
GeeksforGeeks,Wed Nov 18 16:36:12 UTC 2020
Google Cloud,Wed Nov 18 16:36:02 UTC 2020
Spotify,Wed Nov 18 16:36:00 UTC 2020
Nike,Wed Nov 18 16:35:58 UTC 2020
GitHub,Wed Nov 18 16:35:54 UTC 2020
Ascent Cloud,Wed Nov 18 16:35:18 UTC 2020
NASA - National Aeronautics and Space Administration,Tue Nov 17 17:55:02 UTC 2020
SpaceX,Tue Nov 17 17:54:57 UTC 2020
Tesla,Tue Nov 17 17:54:48 UTC 2020
National Hockey League (NHL),Tue Nov 17 17:52:33 UTC 2020
Detroit Red Wings,Tue Nov 17 17:52:28 UTC 2020
Quicken Loans,Tue Nov 17 17:52:10 UTC 2020
General Assembly,Wed Sep 16 01:05:14 UTC 2020
LinkedIn News,Tue Jun 16 19:58:43 UTC 2020
"NextGen Global Resources, LLC.",Thu Mar 26 19:22:25 UTC 2020
Brooksource,Fri Mar 20 18:59:54 UTC 2020
CloudFactory.,Sun Feb 16 02:37:11 UTC 2020
Canopy Search Group,Sat Feb 08 16:07:23 UTC 2020
"Fluent, Inc",Sat Apr 20 03:30:43 UTC 2019
Pi Kappa Phi Fraternity,Mon Jan 22 06:54:46 UTC 2018
Facebook,Fri Jan 05 09:33:03 UTC 2018
TED Conferences,Fri Jan 05 09:33:02 UTC 2018
Microsoft,Fri Jan 05 09:33:00 UTC 2018
Google,Fri Jan 05 09:33:00 UTC 2018
The Wall Street Journal,Fri Jan 05 09:32:53 UTC 2018
Amazon Web Services (AWS),Fri Jan 05 09:32:51 UTC 2018
LinkedIn,Thu Jan 04 02:18:41 UTC 2018
Amazon,Thu Jan 04 02:18:27 UTC 2018
Code Fellows,Thu Jan 04 01:54:57 UTC 2018
Washington State University,Tue Oct 03 18:15:19 UTC 2017